{
  "A": 0.9828113785199231,
  "B": 0.7340842397230166,
  "version": "v1.1-14d"
}